{"current":{"color_text":"#3d4246","color_body_text":"#69727b","color_sale_text":"#557b97","color_button":"#557b97","color_button_text":"#fff","color_small_button_text_border":"#3d4246","color_text_field_text":"#000","color_text_field_border":"#949494","color_text_field":"#fff","color_image_overlay_text":"#fff","color_image_overlay":"#3d4246","image_overlay_opacity":40,"color_borders":"#e8e9eb","color_body_bg":"#fff","type_header_font":"work_sans_n6","type_header_base_size":26,"type_base_font":"work_sans_n4","type_base_size":16,"type_bold_product_titles":false,"share_image":"","share_facebook":true,"share_twitter":true,"share_pinterest":true,"social_twitter_link":"","social_facebook_link":"","social_pinterest_link":"","social_instagram_link":"","social_tumblr_link":"","social_snapchat_link":"","social_youtube_link":"","social_vimeo_link":"","favicon":"shopify:\/\/shop_images\/stickylogo.png","enable_ajax":true,"checkout_header_image":"","checkout_logo_image":"","checkout_logo_position":"left","checkout_logo_size":"medium","checkout_body_background_image":"","checkout_body_background_color":"#fff","checkout_input_background_color_mode":"white","checkout_sidebar_background_image":"","checkout_sidebar_background_color":"#fafafa","checkout_heading_font":"-apple-system, BlinkMacSystemFont, 'Segoe UI', Roboto, Helvetica, Arial, sans-serif, 'Apple Color Emoji', 'Segoe UI Emoji', 'Segoe UI Symbol'","checkout_body_font":"-apple-system, BlinkMacSystemFont, 'Segoe UI', Roboto, Helvetica, Arial, sans-serif, 'Apple Color Emoji', 'Segoe UI Emoji', 'Segoe UI Symbol'","checkout_accent_color":"#197bbd","checkout_button_color":"#197bbd","checkout_error_color":"#e32c2b","sections":{"header":{"type":"header","settings":{"align_logo":"left","logo":"shopify:\/\/shop_images\/too-logo-2.png","m_logo":"shopify:\/\/shop_images\/stickylogo.png","logo_max_width":250,"main_linklist":"main","message":false,"home_page_only":false,"message_text":"Announce something here","message_link":"","color_bg":"#7796a8","color_text":"#ffffff"}},"featured-collections":{"type":"collection","settings":{"title":"Featured collection","collection":"main-page","grid":3,"rows":2,"show_vendor":false,"show_view_all":false}},"feature-row":{"type":"feature-row","settings":{"image":"shopify:\/\/shop_images\/Aroma-Oil-In-Bottles-With-Lave.png","layout":"right","title":"Essential Oils","text":"<p>We source 100% pure, therapeutic grade essential oils, with no fillers or carrier oils from 20+ countries.<\/p>","button_label":"Browse our selection","button_link":"shopify:\/\/pages\/essential-oils"}},"footer":{"type":"footer","blocks":{"link_list":{"type":"link_list","settings":{"title":"Quick links","menu":"footer"}},"text":{"type":"text","settings":{"title":"Talk about your business","text":"<p>Share store details, promotions, or brand content with your customers.<\/p>"}},"newsletter":{"type":"newsletter","settings":{"title":"Newsletter"}}},"block_order":["link_list","text","newsletter"],"settings":{"show_payment_icons":false,"color_footer_bg":"#f5f5f5","color_footer_text":"#3d4246"}},"1574014796256":{"type":"feature-row","settings":{"image":"shopify:\/\/shop_images\/2Z4aztt.jpeg","layout":"left","title":"Nebulization","text":"<p>Nebulization \/ Atomization is absolutely the BEST way to get both aroma and therapeutic healing value from essential oils. It does not alter the chemical composition of the oils.<\/p>","button_label":"Get the latest in aromatherapy","button_link":"shopify:\/\/pages\/nebulizing-diffusers"}},"1574032305975":{"type":"hero_text_right","settings":{"image":"shopify:\/\/shop_images\/added_together.jpg","alignment":"center","hero_layout":"full_width","hero_size":"adapt","text_size":"medium","title":"the Pinnacle of Aromatherapy","text":"<p>our Raindrop model is the evolution of&nbsp;Nebulizing Diffusers<\/p>","button_label":"Take a look","button_link":"shopify:\/\/products\/raindrop_nebulizer"}},"1574033369748":{"type":"hero_text_left","settings":{"image":"shopify:\/\/shop_images\/NxjYgLdL_normal_size.jpg","alignment":"center","hero_layout":"full_width","hero_size":"adapt","text_size":"medium","title":"Experience Droplet","text":"<p>Tangible perfection<\/p>","button_label":"Experience it","button_link":"shopify:\/\/products\/droplet_diffuser"}},"hero":{"type":"hero","settings":{"image":"shopify:\/\/shop_images\/ts-banner-3-1_shorter3.jpg","alignment":"center","hero_layout":"full_width","hero_size":"x-small","text_size":"medium","title":"ESSENTIAL OILS","text":"<p>We source 100% pure, therapeutic grade essential oils, with no fillers or carrier oils from 20+ countries.<\/p>","button_label":"","button_link":""}},"image-bar":{"type":"image-bar","settings":{"section_height":"medium"}},"rich-text":{"type":"rich-text","settings":{"full_width":false,"section_title":"Talk about your brand","text":"<p>Use this text to share information about your brand with your customers. Describe a product, share announcements, or welcome customers to your store.<\/p>","text_size":"medium"}},"custom-content":{"type":"custom-content","settings":{"title":"Custom content"}},"hero2":{"type":"hero2","settings":{"image":"shopify:\/\/shop_images\/ts-banner-3-1_shorter4.jpg","alignment":"bottom","hero_layout":"full_width","hero_size":"x-small","text_size":"large","title":"ESSENTIAL OILS","text":"","button_label":"","button_link":""}},"collection":{"type":"collection","settings":{"title":"","collection":"essential-oils","grid":5,"rows":5,"show_vendor":false,"show_view_all":true}},"hero3":{"type":"hero3","settings":{"image":"shopify:\/\/shop_images\/NxjYgLdL_banner2.jpg","alignment":"center","hero_layout":"full_width","hero_size":"x-small","text_size":"medium","title":"Nebulizing Diffusers","text":"","button_label":"","button_link":""}},"collection2":{"type":"collection2","settings":{"title":"Featured collection","collection":"nebulizing-diffusers","grid":3,"rows":2,"show_vendor":false,"show_view_all":false}}},"content_for_index":["1574032305975","feature-row","featured-collections","1574014796256","1574033369748"]},"presets":{"Default":{"color_text":"#3d4246","color_body_text":"#69727b","color_sale_text":"#557B97","color_borders":"#e8e9eb","color_button":"#557B97","color_button_text":"#fff","color_small_button_text_border":"#3d4246","color_text_field":"#fff","color_text_field_text":"#000","color_text_field_border":"#949494","color_image_overlay_text":"#fff","color_image_overlay":"#3d4246","image_overlay_opacity":40,"color_body_bg":"#fff","type_header_font":"work_sans_n6","type_header_base_size":26,"type_base_font":"work_sans_n4","type_base_size":16,"type_bold_product_titles":false,"share_facebook":true,"share_twitter":true,"share_pinterest":true,"sections":{"header":{"type":"header","settings":{}},"hero":{"type":"hero","settings":{"text_size":"large"}},"slideshow":{"type":"slideshow","blocks":{"slideshow-0":{"type":"image","settings":{}},"slideshow-1":{"type":"image","settings":{}}},"block_order":["slideshow-0","slideshow-1"],"settings":{}},"featured-collections":{"type":"collection","settings":{"collection":"frontpage"}},"feature-row":{"type":"feature-row","settings":{}},"footer":{"type":"footer","blocks":{"link_list":{"type":"link_list","settings":{}},"text":{"type":"text","settings":{}},"newsletter":{"type":"newsletter","settings":{}}},"block_order":["link_list","text","newsletter"],"settings":{}}},"content_for_index":["hero","featured-collections","feature-row","slideshow"]},"Light":{"color_text":"#162950","color_body_text":"#6d6d6d","color_sale_text":"#DA2F0C","color_borders":"#e4e4e4","color_button":"#DA2F0C","color_button_text":"#ffffff","color_small_button_text_border":"#162950","color_text_field":"#ffffff","color_text_field_text":"#162950","color_text_field_border":"#909090","color_image_overlay_text":"#ffffff","color_image_overlay":"#3d3d3d","image_overlay_opacity":40,"color_body_bg":"#f8f8f8","type_header_font":"muli_n6","type_header_base_size":26,"type_base_font":"muli_n4","type_base_size":18,"type_bold_product_titles":true,"share_facebook":true,"share_twitter":true,"share_pinterest":true,"social_twitter_link":"","social_facebook_link":"","social_pinterest_link":"","social_instagram_link":"","social_tumblr_link":"","social_snapchat_link":"","social_youtube_link":"","social_vimeo_link":"","favicon":"","checkout_header_image":"","checkout_logo_image":"","checkout_logo_position":"left","checkout_logo_size":"small","checkout_body_background_image":"","checkout_body_background_color":"#ffffff","checkout_input_background_color_mode":"white","checkout_sidebar_background_image":"","checkout_sidebar_background_color":"#e8f3f6","checkout_heading_font":"Roboto","checkout_body_font":"Source Sans Pro","checkout_accent_color":"#1990c6","checkout_button_color":"#23314e","checkout_error_color":"#ff6d6d","sections":{"header":{"type":"header","settings":{"align_logo":"left","logo":"","logo_max_width":135,"main_linklist":"main-menu","message":true,"color_bg":"#162950","color_text":"#ffffff"}},"hero":{"type":"hero","settings":{"alignment":"center","hero_size":"x-large","text_size":"large"}},"slideshow":{"type":"slideshow","blocks":{"slideshow-0":{"type":"image","settings":{"image":"","alignment":"center center"}},"1492095993817":{"type":"image","settings":{"image":"","alignment":"center"}}},"block_order":["slideshow-0","1492095993817"],"settings":{"slideshow_height":"medium","text_size":"medium","autorotate":false,"autorotate_speed":5}},"featured-collections":{"type":"collection","settings":{"grid":3,"rows":1,"show_vendor":true,"show_view_all":true}},"product-template":{"type":"product-template","settings":{"image_size":"medium","show_quantity_selector":false,"show_variant_labels":true,"show_vendor":false,"enable_zoom":true,"show_share_buttons":true}},"collection-template":{"type":"collection-template","settings":{"layout":"grid","grid":2,"rows":2,"show_collection_image":true,"show_vendor":false,"sort_enable":true,"tags_enable":true}},"1492033809691":{"type":"map","settings":{}},"1492033877875":{"type":"quotes","blocks":{"1492033877875-0":{"type":"quote","settings":{}}},"block_order":["1492033877875-0"],"settings":{}},"1492033924902":{"type":"custom-content","blocks":{"1492033924902-0":{"type":"text","settings":{"width":"100%","alignment":"center","align_text":"center"}}},"block_order":["1492033924902-0"],"settings":{"title":""}},"1492096252560":{"type":"collection-list","blocks":{"1492096252560-0":{"type":"featured_collection","settings":{}},"1492096252560-1":{"type":"featured_collection","settings":{}},"1492096252560-2":{"type":"featured_collection","settings":{}}},"block_order":["1492096252560-0","1492096252560-1","1492096252560-2"],"settings":{"grid":3}},"blog-template":{"type":"blog-template","settings":{"layout":"grid","blog_show_author":true,"blog_show_date":false}},"article-template":{"type":"article-template","settings":{"blog_show_author":true,"blog_show_date":true,"show_share_buttons":true}},"cart-template":{"type":"cart-template","settings":{"cart_notes_enable":false}},"footer":{"type":"footer","blocks":{"link_list":{"type":"link_list","settings":{}},"text":{"type":"text","settings":{}},"newsletter":{"type":"newsletter","settings":{}}},"block_order":["link_list","text","newsletter"],"settings":{}}},"content_for_index":["hero","featured-collections","slideshow","1492033924902","1492096252560","1492033877875","1492033809691"]}}}